Фильтр,Изображение,Ширина,Высота,Пикселей,Время (с),Успех,Ошибка
grayscale,1.jpg,1333,1000,1333000,0.139711,Да,
sepia,1.jpg,1333,1000,1333000,0.156611,Да,
invert,1.jpg,1333,1000,1333000,0.153696,Да,
brightness,1.jpg,1333,1000,1333000,0.157035,Да,
contrast,1.jpg,1333,1000,1333000,0.156410,Да,
saturation,1.jpg,1333,1000,1333000,0.148622,Да,
flip_h,1.jpg,1333,1000,1333000,0.153421,Да,
flip_v,1.jpg,1333,1000,1333000,0.150067,Да,
rotate90,1.jpg,1333,1000,1333000,0.166758,Да,
sharpen,1.jpg,1333,1000,1333000,0.219821,Да,
edges,1.jpg,1333,1000,1333000,0.194262,Да,
emboss,1.jpg,1333,1000,1333000,0.230994,Да,
outline,1.jpg,1333,1000,1333000,0.178466,Да,
blur,1.jpg,1333,1000,1333000,0.199373,Да,
box_blur,1.jpg,1333,1000,1333000,0.168642,Да,
motion_blur,1.jpg,1333,1000,1333000,0.168333,Да,
median,1.jpg,1333,1000,1333000,0.181190,Да,
noise,1.jpg,1333,1000,1333000,0.188323,Да,
posterize,1.jpg,1333,1000,1333000,0.151610,Да,
threshold,1.jpg,1333,1000,1333000,0.132771,Да,
vignette,1.jpg,1333,1000,1333000,0.150493,Да,
grayscale,2.jpg,1500,806,1209000,0.104704,Да,
sepia,2.jpg,1500,806,1209000,0.113469,Да,
invert,2.jpg,1500,806,1209000,0.112586,Да,
brightness,2.jpg,1500,806,1209000,0.111488,Да,
contrast,2.jpg,1500,806,1209000,0.117715,Да,
saturation,2.jpg,1500,806,1209000,0.111308,Да,
flip_h,2.jpg,1500,806,1209000,0.119164,Да,
flip_v,2.jpg,1500,806,1209000,0.123658,Да,
rotate90,2.jpg,1500,806,1209000,0.131967,Да,
sharpen,2.jpg,1500,806,1209000,0.166923,Да,
edges,2.jpg,1500,806,1209000,0.163721,Да,
emboss,2.jpg,1500,806,1209000,0.184720,Да,
outline,2.jpg,1500,806,1209000,0.144124,Да,
blur,2.jpg,1500,806,1209000,0.186036,Да,
box_blur,2.jpg,1500,806,1209000,0.149735,Да,
motion_blur,2.jpg,1500,806,1209000,0.149396,Да,
median,2.jpg,1500,806,1209000,0.166350,Да,
noise,2.jpg,1500,806,1209000,0.166287,Да,
posterize,2.jpg,1500,806,1209000,0.126135,Да,
threshold,2.jpg,1500,806,1209000,0.105293,Да,
vignette,2.jpg,1500,806,1209000,0.115499,Да,
grayscale,3.jpg,1920,1080,2073600,0.181551,Да,
sepia,3.jpg,1920,1080,2073600,0.196634,Да,
invert,3.jpg,1920,1080,2073600,0.186660,Да,
brightness,3.jpg,1920,1080,2073600,0.197720,Да,
contrast,3.jpg,1920,1080,2073600,0.198560,Да,
saturation,3.jpg,1920,1080,2073600,0.192716,Да,
flip_h,3.jpg,1920,1080,2073600,0.188249,Да,
flip_v,3.jpg,1920,1080,2073600,0.193513,Да,
rotate90,3.jpg,1920,1080,2073600,0.210646,Да,
sharpen,3.jpg,1920,1080,2073600,0.279418,Да,
edges,3.jpg,1920,1080,2073600,0.279439,Да,
emboss,3.jpg,1920,1080,2073600,0.286462,Да,
outline,3.jpg,1920,1080,2073600,0.244050,Да,
blur,3.jpg,1920,1080,2073600,0.325678,Да,
box_blur,3.jpg,1920,1080,2073600,0.278214,Да,
motion_blur,3.jpg,1920,1080,2073600,0.257499,Да,
median,3.jpg,1920,1080,2073600,0.347076,Да,
noise,3.jpg,1920,1080,2073600,0.310577,Да,
posterize,3.jpg,1920,1080,2073600,0.218599,Да,
threshold,3.jpg,1920,1080,2073600,0.175971,Да,
vignette,3.jpg,1920,1080,2073600,0.198809,Да,
grayscale,4k_checkerboard_3840x2160.jpg,3840,2160,8294400,0.345401,Да,
sepia,4k_checkerboard_3840x2160.jpg,3840,2160,8294400,0.362610,Да,
invert,4k_checkerboard_3840x2160.jpg,3840,2160,8294400,0.356723,Да,
brightness,4k_checkerboard_3840x2160.jpg,3840,2160,8294400,0.361225,Да,
contrast,4k_checkerboard_3840x2160.jpg,3840,2160,8294400,0.359639,Да,
saturation,4k_checkerboard_3840x2160.jpg,3840,2160,8294400,0.363874,Да,
flip_h,4k_checkerboard_3840x2160.jpg,3840,2160,8294400,0.344719,Да,
flip_v,4k_checkerboard_3840x2160.jpg,3840,2160,8294400,0.363824,Да,
rotate90,4k_checkerboard_3840x2160.jpg,3840,2160,8294400,0.440984,Да,
sharpen,4k_checkerboard_3840x2160.jpg,3840,2160,8294400,0.545298,Да,
edges,4k_checkerboard_3840x2160.jpg,3840,2160,8294400,0.685017,Да,
emboss,4k_checkerboard_3840x2160.jpg,3840,2160,8294400,0.640030,Да,
outline,4k_checkerboard_3840x2160.jpg,3840,2160,8294400,0.654320,Да,
blur,4k_checkerboard_3840x2160.jpg,3840,2160,8294400,0.886785,Да,
box_blur,4k_checkerboard_3840x2160.jpg,3840,2160,8294400,0.743725,Да,
motion_blur,4k_checkerboard_3840x2160.jpg,3840,2160,8294400,0.618134,Да,
median,4k_checkerboard_3840x2160.jpg,3840,2160,8294400,0.825171,Да,
noise,4k_checkerboard_3840x2160.jpg,3840,2160,8294400,0.773149,Да,
posterize,4k_checkerboard_3840x2160.jpg,3840,2160,8294400,0.369297,Да,
threshold,4k_checkerboard_3840x2160.jpg,3840,2160,8294400,0.343986,Да,
vignette,4k_checkerboard_3840x2160.jpg,3840,2160,8294400,0.392166,Да,
grayscale,4k_colorful_3840x2160.jpg,3840,2160,8294400,0.555307,Да,
sepia,4k_colorful_3840x2160.jpg,3840,2160,8294400,0.641578,Да,
invert,4k_colorful_3840x2160.jpg,3840,2160,8294400,0.621393,Да,
brightness,4k_colorful_3840x2160.jpg,3840,2160,8294400,0.670994,Да,
contrast,4k_colorful_3840x2160.jpg,3840,2160,8294400,0.682119,Да,
saturation,4k_colorful_3840x2160.jpg,3840,2160,8294400,0.660417,Да,
flip_h,4k_colorful_3840x2160.jpg,3840,2160,8294400,0.627298,Да,
flip_v,4k_colorful_3840x2160.jpg,3840,2160,8294400,0.644145,Да,
rotate90,4k_colorful_3840x2160.jpg,3840,2160,8294400,0.713840,Да,
sharpen,4k_colorful_3840x2160.jpg,3840,2160,8294400,0.856397,Да,
edges,4k_colorful_3840x2160.jpg,3840,2160,8294400,1.051256,Да,
emboss,4k_colorful_3840x2160.jpg,3840,2160,8294400,0.899569,Да,
outline,4k_colorful_3840x2160.jpg,3840,2160,8294400,1.131547,Да,
blur,4k_colorful_3840x2160.jpg,3840,2160,8294400,1.104450,Да,
box_blur,4k_colorful_3840x2160.jpg,3840,2160,8294400,0.948632,Да,
motion_blur,4k_colorful_3840x2160.jpg,3840,2160,8294400,0.852387,Да,
median,4k_colorful_3840x2160.jpg,3840,2160,8294400,1.113883,Да,
noise,4k_colorful_3840x2160.jpg,3840,2160,8294400,0.979809,Да,
posterize,4k_colorful_3840x2160.jpg,3840,2160,8294400,0.770095,Да,
threshold,4k_colorful_3840x2160.jpg,3840,2160,8294400,0.577240,Да,
vignette,4k_colorful_3840x2160.jpg,3840,2160,8294400,0.629955,Да,
grayscale,4k_gradient_3840x2160.jpg,3840,2160,8294400,0.337893,Да,
sepia,4k_gradient_3840x2160.jpg,3840,2160,8294400,0.357881,Да,
invert,4k_gradient_3840x2160.jpg,3840,2160,8294400,0.340235,Да,
brightness,4k_gradient_3840x2160.jpg,3840,2160,8294400,0.356122,Да,
contrast,4k_gradient_3840x2160.jpg,3840,2160,8294400,0.361669,Да,
saturation,4k_gradient_3840x2160.jpg,3840,2160,8294400,0.354413,Да,
flip_h,4k_gradient_3840x2160.jpg,3840,2160,8294400,0.342160,Да,
flip_v,4k_gradient_3840x2160.jpg,3840,2160,8294400,0.378369,Да,
rotate90,4k_gradient_3840x2160.jpg,3840,2160,8294400,0.448747,Да,
sharpen,4k_gradient_3840x2160.jpg,3840,2160,8294400,0.560554,Да,
edges,4k_gradient_3840x2160.jpg,3840,2160,8294400,0.727125,Да,
emboss,4k_gradient_3840x2160.jpg,3840,2160,8294400,0.624341,Да,
outline,4k_gradient_3840x2160.jpg,3840,2160,8294400,0.675383,Да,
blur,4k_gradient_3840x2160.jpg,3840,2160,8294400,0.849426,Да,
box_blur,4k_gradient_3840x2160.jpg,3840,2160,8294400,0.687941,Да,
motion_blur,4k_gradient_3840x2160.jpg,3840,2160,8294400,0.597795,Да,
median,4k_gradient_3840x2160.jpg,3840,2160,8294400,0.763363,Да,
noise,4k_gradient_3840x2160.jpg,3840,2160,8294400,0.911561,Да,
posterize,4k_gradient_3840x2160.jpg,3840,2160,8294400,0.355398,Да,
threshold,4k_gradient_3840x2160.jpg,3840,2160,8294400,0.328953,Да,
vignette,4k_gradient_3840x2160.jpg,3840,2160,8294400,0.413225,Да,
grayscale,fullhd_checkerboard_1920x1080.jpg,1920,1080,2073600,0.103981,Да,
sepia,fullhd_checkerboard_1920x1080.jpg,1920,1080,2073600,0.108360,Да,
invert,fullhd_checkerboard_1920x1080.jpg,1920,1080,2073600,0.104666,Да,
brightness,fullhd_checkerboard_1920x1080.jpg,1920,1080,2073600,0.106728,Да,
contrast,fullhd_checkerboard_1920x1080.jpg,1920,1080,2073600,0.108845,Да,
saturation,fullhd_checkerboard_1920x1080.jpg,1920,1080,2073600,0.108330,Да,
flip_h,fullhd_checkerboard_1920x1080.jpg,1920,1080,2073600,0.109007,Да,
flip_v,fullhd_checkerboard_1920x1080.jpg,1920,1080,2073600,0.107528,Да,
rotate90,fullhd_checkerboard_1920x1080.jpg,1920,1080,2073600,0.127026,Да,
sharpen,fullhd_checkerboard_1920x1080.jpg,1920,1080,2073600,0.161281,Да,
edges,fullhd_checkerboard_1920x1080.jpg,1920,1080,2073600,0.192929,Да,
emboss,fullhd_checkerboard_1920x1080.jpg,1920,1080,2073600,0.184067,Да,
outline,fullhd_checkerboard_1920x1080.jpg,1920,1080,2073600,0.182092,Да,
blur,fullhd_checkerboard_1920x1080.jpg,1920,1080,2073600,0.252644,Да,
box_blur,fullhd_checkerboard_1920x1080.jpg,1920,1080,2073600,0.207016,Да,
motion_blur,fullhd_checkerboard_1920x1080.jpg,1920,1080,2073600,0.189419,Да,
median,fullhd_checkerboard_1920x1080.jpg,1920,1080,2073600,0.223969,Да,
noise,fullhd_checkerboard_1920x1080.jpg,1920,1080,2073600,0.215869,Да,
posterize,fullhd_checkerboard_1920x1080.jpg,1920,1080,2073600,0.110104,Да,
threshold,fullhd_checkerboard_1920x1080.jpg,1920,1080,2073600,0.102833,Да,
vignette,fullhd_checkerboard_1920x1080.jpg,1920,1080,2073600,0.121840,Да,
grayscale,fullhd_colorful_1920x1080.jpg,1920,1080,2073600,0.147059,Да,
sepia,fullhd_colorful_1920x1080.jpg,1920,1080,2073600,0.160618,Да,
invert,fullhd_colorful_1920x1080.jpg,1920,1080,2073600,0.163530,Да,
brightness,fullhd_colorful_1920x1080.jpg,1920,1080,2073600,0.171202,Да,
contrast,fullhd_colorful_1920x1080.jpg,1920,1080,2073600,0.174493,Да,
saturation,fullhd_colorful_1920x1080.jpg,1920,1080,2073600,0.171332,Да,
flip_h,fullhd_colorful_1920x1080.jpg,1920,1080,2073600,0.166641,Да,
flip_v,fullhd_colorful_1920x1080.jpg,1920,1080,2073600,0.176769,Да,
rotate90,fullhd_colorful_1920x1080.jpg,1920,1080,2073600,0.206171,Да,
sharpen,fullhd_colorful_1920x1080.jpg,1920,1080,2073600,0.230781,Да,
edges,fullhd_colorful_1920x1080.jpg,1920,1080,2073600,0.276956,Да,
emboss,fullhd_colorful_1920x1080.jpg,1920,1080,2073600,0.239468,Да,
outline,fullhd_colorful_1920x1080.jpg,1920,1080,2073600,0.298054,Да,
blur,fullhd_colorful_1920x1080.jpg,1920,1080,2073600,0.300188,Да,
box_blur,fullhd_colorful_1920x1080.jpg,1920,1080,2073600,0.255670,Да,
motion_blur,fullhd_colorful_1920x1080.jpg,1920,1080,2073600,0.230804,Да,
median,fullhd_colorful_1920x1080.jpg,1920,1080,2073600,0.286700,Да,
noise,fullhd_colorful_1920x1080.jpg,1920,1080,2073600,0.259003,Да,
posterize,fullhd_colorful_1920x1080.jpg,1920,1080,2073600,0.203717,Да,
threshold,fullhd_colorful_1920x1080.jpg,1920,1080,2073600,0.149505,Да,
vignette,fullhd_colorful_1920x1080.jpg,1920,1080,2073600,0.166821,Да,
grayscale,fullhd_gradient_1920x1080.jpg,1920,1080,2073600,0.092054,Да,
sepia,fullhd_gradient_1920x1080.jpg,1920,1080,2073600,0.100745,Да,
invert,fullhd_gradient_1920x1080.jpg,1920,1080,2073600,0.094200,Да,
brightness,fullhd_gradient_1920x1080.jpg,1920,1080,2073600,0.099094,Да,
contrast,fullhd_gradient_1920x1080.jpg,1920,1080,2073600,0.100689,Да,
saturation,fullhd_gradient_1920x1080.jpg,1920,1080,2073600,0.098712,Да,
flip_h,fullhd_gradient_1920x1080.jpg,1920,1080,2073600,0.093789,Да,
flip_v,fullhd_gradient_1920x1080.jpg,1920,1080,2073600,0.096823,Да,
rotate90,fullhd_gradient_1920x1080.jpg,1920,1080,2073600,0.113621,Да,
sharpen,fullhd_gradient_1920x1080.jpg,1920,1080,2073600,0.153636,Да,
edges,fullhd_gradient_1920x1080.jpg,1920,1080,2073600,0.211744,Да,
emboss,fullhd_gradient_1920x1080.jpg,1920,1080,2073600,0.173505,Да,
outline,fullhd_gradient_1920x1080.jpg,1920,1080,2073600,0.200495,Да,
blur,fullhd_gradient_1920x1080.jpg,1920,1080,2073600,0.231259,Да,
box_blur,fullhd_gradient_1920x1080.jpg,1920,1080,2073600,0.188827,Да,
motion_blur,fullhd_gradient_1920x1080.jpg,1920,1080,2073600,0.164015,Да,
median,fullhd_gradient_1920x1080.jpg,1920,1080,2073600,0.210625,Да,
noise,fullhd_gradient_1920x1080.jpg,1920,1080,2073600,0.235913,Да,
posterize,fullhd_gradient_1920x1080.jpg,1920,1080,2073600,0.098934,Да,
threshold,fullhd_gradient_1920x1080.jpg,1920,1080,2073600,0.089691,Да,
vignette,fullhd_gradient_1920x1080.jpg,1920,1080,2073600,0.122340,Да,
grayscale,landscape_small_checkerboard_512x256.jpg,512,256,131072,0.015590,Да,
sepia,landscape_small_checkerboard_512x256.jpg,512,256,131072,0.016858,Да,
invert,landscape_small_checkerboard_512x256.jpg,512,256,131072,0.015564,Да,
brightness,landscape_small_checkerboard_512x256.jpg,512,256,131072,0.015693,Да,
contrast,landscape_small_checkerboard_512x256.jpg,512,256,131072,0.016278,Да,
saturation,landscape_small_checkerboard_512x256.jpg,512,256,131072,0.016002,Да,
flip_h,landscape_small_checkerboard_512x256.jpg,512,256,131072,0.015443,Да,
flip_v,landscape_small_checkerboard_512x256.jpg,512,256,131072,0.018654,Да,
rotate90,landscape_small_checkerboard_512x256.jpg,512,256,131072,0.016336,Да,
sharpen,landscape_small_checkerboard_512x256.jpg,512,256,131072,0.020401,Да,
edges,landscape_small_checkerboard_512x256.jpg,512,256,131072,0.030621,Да,
emboss,landscape_small_checkerboard_512x256.jpg,512,256,131072,0.027491,Да,
outline,landscape_small_checkerboard_512x256.jpg,512,256,131072,0.025629,Да,
blur,landscape_small_checkerboard_512x256.jpg,512,256,131072,0.026399,Да,
box_blur,landscape_small_checkerboard_512x256.jpg,512,256,131072,0.023521,Да,
motion_blur,landscape_small_checkerboard_512x256.jpg,512,256,131072,0.021296,Да,
median,landscape_small_checkerboard_512x256.jpg,512,256,131072,0.027956,Да,
noise,landscape_small_checkerboard_512x256.jpg,512,256,131072,0.023317,Да,
posterize,landscape_small_checkerboard_512x256.jpg,512,256,131072,0.015901,Да,
threshold,landscape_small_checkerboard_512x256.jpg,512,256,131072,0.015130,Да,
vignette,landscape_small_checkerboard_512x256.jpg,512,256,131072,0.016951,Да,
grayscale,landscape_small_colorful_512x256.jpg,512,256,131072,0.017429,Да,
sepia,landscape_small_colorful_512x256.jpg,512,256,131072,0.017456,Да,
invert,landscape_small_colorful_512x256.jpg,512,256,131072,0.018754,Да,
brightness,landscape_small_colorful_512x256.jpg,512,256,131072,0.019248,Да,
contrast,landscape_small_colorful_512x256.jpg,512,256,131072,0.018716,Да,
saturation,landscape_small_colorful_512x256.jpg,512,256,131072,0.018598,Да,
flip_h,landscape_small_colorful_512x256.jpg,512,256,131072,0.017363,Да,
flip_v,landscape_small_colorful_512x256.jpg,512,256,131072,0.016907,Да,
rotate90,landscape_small_colorful_512x256.jpg,512,256,131072,0.018283,Да,
sharpen,landscape_small_colorful_512x256.jpg,512,256,131072,0.022346,Да,
edges,landscape_small_colorful_512x256.jpg,512,256,131072,0.025924,Да,
emboss,landscape_small_colorful_512x256.jpg,512,256,131072,0.022745,Да,
outline,landscape_small_colorful_512x256.jpg,512,256,131072,0.026963,Да,
blur,landscape_small_colorful_512x256.jpg,512,256,131072,0.026701,Да,
box_blur,landscape_small_colorful_512x256.jpg,512,256,131072,0.024899,Да,
motion_blur,landscape_small_colorful_512x256.jpg,512,256,131072,0.021956,Да,
median,landscape_small_colorful_512x256.jpg,512,256,131072,0.027054,Да,
noise,landscape_small_colorful_512x256.jpg,512,256,131072,0.024619,Да,
posterize,landscape_small_colorful_512x256.jpg,512,256,131072,0.020282,Да,
threshold,landscape_small_colorful_512x256.jpg,512,256,131072,0.016816,Да,
vignette,landscape_small_colorful_512x256.jpg,512,256,131072,0.017681,Да,
grayscale,landscape_small_gradient_512x256.jpg,512,256,131072,0.013112,Да,
sepia,landscape_small_gradient_512x256.jpg,512,256,131072,0.013611,Да,
invert,landscape_small_gradient_512x256.jpg,512,256,131072,0.013138,Да,
brightness,landscape_small_gradient_512x256.jpg,512,256,131072,0.013834,Да,
contrast,landscape_small_gradient_512x256.jpg,512,256,131072,0.013750,Да,
saturation,landscape_small_gradient_512x256.jpg,512,256,131072,0.013808,Да,
flip_h,landscape_small_gradient_512x256.jpg,512,256,131072,0.013425,Да,
flip_v,landscape_small_gradient_512x256.jpg,512,256,131072,0.013019,Да,
rotate90,landscape_small_gradient_512x256.jpg,512,256,131072,0.014055,Да,
sharpen,landscape_small_gradient_512x256.jpg,512,256,131072,0.017470,Да,
edges,landscape_small_gradient_512x256.jpg,512,256,131072,0.022536,Да,
emboss,landscape_small_gradient_512x256.jpg,512,256,131072,0.018480,Да,
outline,landscape_small_gradient_512x256.jpg,512,256,131072,0.022042,Да,
blur,landscape_small_gradient_512x256.jpg,512,256,131072,0.022812,Да,
box_blur,landscape_small_gradient_512x256.jpg,512,256,131072,0.019757,Да,
motion_blur,landscape_small_gradient_512x256.jpg,512,256,131072,0.018403,Да,
median,landscape_small_gradient_512x256.jpg,512,256,131072,0.020344,Да,
noise,landscape_small_gradient_512x256.jpg,512,256,131072,0.024469,Да,
posterize,landscape_small_gradient_512x256.jpg,512,256,131072,0.013281,Да,
threshold,landscape_small_gradient_512x256.jpg,512,256,131072,0.012945,Да,
vignette,landscape_small_gradient_512x256.jpg,512,256,131072,0.015190,Да,
grayscale,large_checkerboard_1024x1024.jpg,1024,1024,1048576,0.060230,Да,
sepia,large_checkerboard_1024x1024.jpg,1024,1024,1048576,0.061739,Да,
invert,large_checkerboard_1024x1024.jpg,1024,1024,1048576,0.059810,Да,
brightness,large_checkerboard_1024x1024.jpg,1024,1024,1048576,0.060747,Да,
contrast,large_checkerboard_1024x1024.jpg,1024,1024,1048576,0.060858,Да,
saturation,large_checkerboard_1024x1024.jpg,1024,1024,1048576,0.060065,Да,
flip_h,large_checkerboard_1024x1024.jpg,1024,1024,1048576,0.059692,Да,
flip_v,large_checkerboard_1024x1024.jpg,1024,1024,1048576,0.059490,Да,
rotate90,large_checkerboard_1024x1024.jpg,1024,1024,1048576,0.070896,Да,
sharpen,large_checkerboard_1024x1024.jpg,1024,1024,1048576,0.092217,Да,
edges,large_checkerboard_1024x1024.jpg,1024,1024,1048576,0.108457,Да,
emboss,large_checkerboard_1024x1024.jpg,1024,1024,1048576,0.102209,Да,
outline,large_checkerboard_1024x1024.jpg,1024,1024,1048576,0.100362,Да,
blur,large_checkerboard_1024x1024.jpg,1024,1024,1048576,0.136703,Да,
box_blur,large_checkerboard_1024x1024.jpg,1024,1024,1048576,0.117488,Да,
motion_blur,large_checkerboard_1024x1024.jpg,1024,1024,1048576,0.105899,Да,
median,large_checkerboard_1024x1024.jpg,1024,1024,1048576,0.122347,Да,
noise,large_checkerboard_1024x1024.jpg,1024,1024,1048576,0.118708,Да,
posterize,large_checkerboard_1024x1024.jpg,1024,1024,1048576,0.063915,Да,
threshold,large_checkerboard_1024x1024.jpg,1024,1024,1048576,0.058346,Да,
vignette,large_checkerboard_1024x1024.jpg,1024,1024,1048576,0.070942,Да,
grayscale,large_colorful_1024x1024.jpg,1024,1024,1048576,0.076018,Да,
sepia,large_colorful_1024x1024.jpg,1024,1024,1048576,0.084277,Да,
invert,large_colorful_1024x1024.jpg,1024,1024,1048576,0.086566,Да,
brightness,large_colorful_1024x1024.jpg,1024,1024,1048576,0.091229,Да,
contrast,large_colorful_1024x1024.jpg,1024,1024,1048576,0.093426,Да,
saturation,large_colorful_1024x1024.jpg,1024,1024,1048576,0.091121,Да,
flip_h,large_colorful_1024x1024.jpg,1024,1024,1048576,0.086562,Да,
flip_v,large_colorful_1024x1024.jpg,1024,1024,1048576,0.087066,Да,
rotate90,large_colorful_1024x1024.jpg,1024,1024,1048576,0.096062,Да,
sharpen,large_colorful_1024x1024.jpg,1024,1024,1048576,0.126747,Да,
edges,large_colorful_1024x1024.jpg,1024,1024,1048576,0.146383,Да,
emboss,large_colorful_1024x1024.jpg,1024,1024,1048576,0.130762,Да,
outline,large_colorful_1024x1024.jpg,1024,1024,1048576,0.155355,Да,
blur,large_colorful_1024x1024.jpg,1024,1024,1048576,0.162026,Да,
box_blur,large_colorful_1024x1024.jpg,1024,1024,1048576,0.142438,Да,
motion_blur,large_colorful_1024x1024.jpg,1024,1024,1048576,0.126330,Да,
median,large_colorful_1024x1024.jpg,1024,1024,1048576,0.154993,Да,
noise,large_colorful_1024x1024.jpg,1024,1024,1048576,0.137328,Да,
posterize,large_colorful_1024x1024.jpg,1024,1024,1048576,0.105279,Да,
threshold,large_colorful_1024x1024.jpg,1024,1024,1048576,0.080676,Да,
vignette,large_colorful_1024x1024.jpg,1024,1024,1048576,0.088102,Да,
grayscale,large_gradient_1024x1024.jpg,1024,1024,1048576,0.051872,Да,
sepia,large_gradient_1024x1024.jpg,1024,1024,1048576,0.054236,Да,
invert,large_gradient_1024x1024.jpg,1024,1024,1048576,0.052946,Да,
brightness,large_gradient_1024x1024.jpg,1024,1024,1048576,0.055217,Да,
contrast,large_gradient_1024x1024.jpg,1024,1024,1048576,0.055432,Да,
saturation,large_gradient_1024x1024.jpg,1024,1024,1048576,0.053928,Да,
flip_h,large_gradient_1024x1024.jpg,1024,1024,1048576,0.052897,Да,
flip_v,large_gradient_1024x1024.jpg,1024,1024,1048576,0.054248,Да,
rotate90,large_gradient_1024x1024.jpg,1024,1024,1048576,0.060856,Да,
sharpen,large_gradient_1024x1024.jpg,1024,1024,1048576,0.090928,Да,
edges,large_gradient_1024x1024.jpg,1024,1024,1048576,0.121620,Да,
emboss,large_gradient_1024x1024.jpg,1024,1024,1048576,0.099470,Да,
outline,large_gradient_1024x1024.jpg,1024,1024,1048576,0.118044,Да,
blur,large_gradient_1024x1024.jpg,1024,1024,1048576,0.131141,Да,
box_blur,large_gradient_1024x1024.jpg,1024,1024,1048576,0.109534,Да,
motion_blur,large_gradient_1024x1024.jpg,1024,1024,1048576,0.096461,Да,
median,large_gradient_1024x1024.jpg,1024,1024,1048576,0.114478,Да,
noise,large_gradient_1024x1024.jpg,1024,1024,1048576,0.129200,Да,
posterize,large_gradient_1024x1024.jpg,1024,1024,1048576,0.054691,Да,
threshold,large_gradient_1024x1024.jpg,1024,1024,1048576,0.048854,Да,
vignette,large_gradient_1024x1024.jpg,1024,1024,1048576,0.066794,Да,
grayscale,medium_checkerboard_512x512.jpg,512,512,262144,0.023669,Да,
sepia,medium_checkerboard_512x512.jpg,512,512,262144,0.025779,Да,
invert,medium_checkerboard_512x512.jpg,512,512,262144,0.024731,Да,
brightness,medium_checkerboard_512x512.jpg,512,512,262144,0.025337,Да,
contrast,medium_checkerboard_512x512.jpg,512,512,262144,0.024162,Да,
saturation,medium_checkerboard_512x512.jpg,512,512,262144,0.024736,Да,
flip_h,medium_checkerboard_512x512.jpg,512,512,262144,0.024566,Да,
flip_v,medium_checkerboard_512x512.jpg,512,512,262144,0.024015,Да,
rotate90,medium_checkerboard_512x512.jpg,512,512,262144,0.025677,Да,
sharpen,medium_checkerboard_512x512.jpg,512,512,262144,0.031802,Да,
edges,medium_checkerboard_512x512.jpg,512,512,262144,0.036326,Да,
emboss,medium_checkerboard_512x512.jpg,512,512,262144,0.035204,Да,
outline,medium_checkerboard_512x512.jpg,512,512,262144,0.033666,Да,
blur,medium_checkerboard_512x512.jpg,512,512,262144,0.045028,Да,
box_blur,medium_checkerboard_512x512.jpg,512,512,262144,0.039047,Да,
motion_blur,medium_checkerboard_512x512.jpg,512,512,262144,0.037767,Да,
median,medium_checkerboard_512x512.jpg,512,512,262144,0.040485,Да,
noise,medium_checkerboard_512x512.jpg,512,512,262144,0.038458,Да,
posterize,medium_checkerboard_512x512.jpg,512,512,262144,0.024162,Да,
threshold,medium_checkerboard_512x512.jpg,512,512,262144,0.025380,Да,
vignette,medium_checkerboard_512x512.jpg,512,512,262144,0.026343,Да,
grayscale,medium_colorful_512x512.jpg,512,512,262144,0.025548,Да,
sepia,medium_colorful_512x512.jpg,512,512,262144,0.027170,Да,
invert,medium_colorful_512x512.jpg,512,512,262144,0.027690,Да,
brightness,medium_colorful_512x512.jpg,512,512,262144,0.029498,Да,
contrast,medium_colorful_512x512.jpg,512,512,262144,0.029979,Да,
saturation,medium_colorful_512x512.jpg,512,512,262144,0.028138,Да,
flip_h,medium_colorful_512x512.jpg,512,512,262144,0.027504,Да,
flip_v,medium_colorful_512x512.jpg,512,512,262144,0.027995,Да,
rotate90,medium_colorful_512x512.jpg,512,512,262144,0.029443,Да,
sharpen,medium_colorful_512x512.jpg,512,512,262144,0.037213,Да,
edges,medium_colorful_512x512.jpg,512,512,262144,0.042881,Да,
emboss,medium_colorful_512x512.jpg,512,512,262144,0.038833,Да,
outline,medium_colorful_512x512.jpg,512,512,262144,0.045227,Да,
blur,medium_colorful_512x512.jpg,512,512,262144,0.047178,Да,
box_blur,medium_colorful_512x512.jpg,512,512,262144,0.040691,Да,
motion_blur,medium_colorful_512x512.jpg,512,512,262144,0.037564,Да,
median,medium_colorful_512x512.jpg,512,512,262144,0.045614,Да,
noise,medium_colorful_512x512.jpg,512,512,262144,0.041870,Да,
posterize,medium_colorful_512x512.jpg,512,512,262144,0.032013,Да,
threshold,medium_colorful_512x512.jpg,512,512,262144,0.026255,Да,
vignette,medium_colorful_512x512.jpg,512,512,262144,0.028113,Да,
grayscale,medium_gradient_512x512.jpg,512,512,262144,0.018708,Да,
sepia,medium_gradient_512x512.jpg,512,512,262144,0.019210,Да,
invert,medium_gradient_512x512.jpg,512,512,262144,0.019110,Да,
brightness,medium_gradient_512x512.jpg,512,512,262144,0.020346,Да,
contrast,medium_gradient_512x512.jpg,512,512,262144,0.019771,Да,
saturation,medium_gradient_512x512.jpg,512,512,262144,0.019029,Да,
flip_h,medium_gradient_512x512.jpg,512,512,262144,0.018982,Да,
flip_v,medium_gradient_512x512.jpg,512,512,262144,0.019283,Да,
rotate90,medium_gradient_512x512.jpg,512,512,262144,0.021555,Да,
sharpen,medium_gradient_512x512.jpg,512,512,262144,0.028377,Да,
edges,medium_gradient_512x512.jpg,512,512,262144,0.035733,Да,
emboss,medium_gradient_512x512.jpg,512,512,262144,0.032600,Да,
outline,medium_gradient_512x512.jpg,512,512,262144,0.034637,Да,
blur,medium_gradient_512x512.jpg,512,512,262144,0.037207,Да,
box_blur,medium_gradient_512x512.jpg,512,512,262144,0.029891,Да,
motion_blur,medium_gradient_512x512.jpg,512,512,262144,0.028575,Да,
median,medium_gradient_512x512.jpg,512,512,262144,0.033580,Да,
noise,medium_gradient_512x512.jpg,512,512,262144,0.039134,Да,
posterize,medium_gradient_512x512.jpg,512,512,262144,0.019684,Да,
threshold,medium_gradient_512x512.jpg,512,512,262144,0.018072,Да,
vignette,medium_gradient_512x512.jpg,512,512,262144,0.022800,Да,
grayscale,portrait_small_checkerboard_256x512.jpg,256,512,131072,0.014695,Да,
sepia,portrait_small_checkerboard_256x512.jpg,256,512,131072,0.015861,Да,
invert,portrait_small_checkerboard_256x512.jpg,256,512,131072,0.019444,Да,
brightness,portrait_small_checkerboard_256x512.jpg,256,512,131072,0.015500,Да,
contrast,portrait_small_checkerboard_256x512.jpg,256,512,131072,0.015168,Да,
saturation,portrait_small_checkerboard_256x512.jpg,256,512,131072,0.014764,Да,
flip_h,portrait_small_checkerboard_256x512.jpg,256,512,131072,0.015350,Да,
flip_v,portrait_small_checkerboard_256x512.jpg,256,512,131072,0.015549,Да,
rotate90,portrait_small_checkerboard_256x512.jpg,256,512,131072,0.017218,Да,
sharpen,portrait_small_checkerboard_256x512.jpg,256,512,131072,0.019943,Да,
edges,portrait_small_checkerboard_256x512.jpg,256,512,131072,0.031072,Да,
emboss,portrait_small_checkerboard_256x512.jpg,256,512,131072,0.027846,Да,
outline,portrait_small_checkerboard_256x512.jpg,256,512,131072,0.025214,Да,
blur,portrait_small_checkerboard_256x512.jpg,256,512,131072,0.027331,Да,
box_blur,portrait_small_checkerboard_256x512.jpg,256,512,131072,0.023725,Да,
motion_blur,portrait_small_checkerboard_256x512.jpg,256,512,131072,0.021601,Да,
median,portrait_small_checkerboard_256x512.jpg,256,512,131072,0.029841,Да,
noise,portrait_small_checkerboard_256x512.jpg,256,512,131072,0.023932,Да,
posterize,portrait_small_checkerboard_256x512.jpg,256,512,131072,0.017208,Да,
threshold,portrait_small_checkerboard_256x512.jpg,256,512,131072,0.016203,Да,
vignette,portrait_small_checkerboard_256x512.jpg,256,512,131072,0.017802,Да,
grayscale,portrait_small_colorful_256x512.jpg,256,512,131072,0.017008,Да,
sepia,portrait_small_colorful_256x512.jpg,256,512,131072,0.018020,Да,
invert,portrait_small_colorful_256x512.jpg,256,512,131072,0.017502,Да,
brightness,portrait_small_colorful_256x512.jpg,256,512,131072,0.018003,Да,
contrast,portrait_small_colorful_256x512.jpg,256,512,131072,0.018119,Да,
saturation,portrait_small_colorful_256x512.jpg,256,512,131072,0.018154,Да,
flip_h,portrait_small_colorful_256x512.jpg,256,512,131072,0.018382,Да,
flip_v,portrait_small_colorful_256x512.jpg,256,512,131072,0.016821,Да,
rotate90,portrait_small_colorful_256x512.jpg,256,512,131072,0.018849,Да,
sharpen,portrait_small_colorful_256x512.jpg,256,512,131072,0.022200,Да,
edges,portrait_small_colorful_256x512.jpg,256,512,131072,0.025612,Да,
emboss,portrait_small_colorful_256x512.jpg,256,512,131072,0.023244,Да,
outline,portrait_small_colorful_256x512.jpg,256,512,131072,0.026540,Да,
blur,portrait_small_colorful_256x512.jpg,256,512,131072,0.026703,Да,
box_blur,portrait_small_colorful_256x512.jpg,256,512,131072,0.024544,Да,
motion_blur,portrait_small_colorful_256x512.jpg,256,512,131072,0.023849,Да,
median,portrait_small_colorful_256x512.jpg,256,512,131072,0.025856,Да,
noise,portrait_small_colorful_256x512.jpg,256,512,131072,0.024565,Да,
posterize,portrait_small_colorful_256x512.jpg,256,512,131072,0.019440,Да,
threshold,portrait_small_colorful_256x512.jpg,256,512,131072,0.018031,Да,
vignette,portrait_small_colorful_256x512.jpg,256,512,131072,0.018294,Да,
grayscale,portrait_small_gradient_256x512.jpg,256,512,131072,0.013553,Да,
sepia,portrait_small_gradient_256x512.jpg,256,512,131072,0.013345,Да,
invert,portrait_small_gradient_256x512.jpg,256,512,131072,0.013480,Да,
brightness,portrait_small_gradient_256x512.jpg,256,512,131072,0.013883,Да,
contrast,portrait_small_gradient_256x512.jpg,256,512,131072,0.013640,Да,
saturation,portrait_small_gradient_256x512.jpg,256,512,131072,0.022044,Да,
flip_h,portrait_small_gradient_256x512.jpg,256,512,131072,0.013243,Да,
flip_v,portrait_small_gradient_256x512.jpg,256,512,131072,0.013190,Да,
rotate90,portrait_small_gradient_256x512.jpg,256,512,131072,0.014211,Да,
sharpen,portrait_small_gradient_256x512.jpg,256,512,131072,0.017563,Да,
edges,portrait_small_gradient_256x512.jpg,256,512,131072,0.021533,Да,
emboss,portrait_small_gradient_256x512.jpg,256,512,131072,0.018659,Да,
outline,portrait_small_gradient_256x512.jpg,256,512,131072,0.021098,Да,
blur,portrait_small_gradient_256x512.jpg,256,512,131072,0.022586,Да,
box_blur,portrait_small_gradient_256x512.jpg,256,512,131072,0.019391,Да,
motion_blur,portrait_small_gradient_256x512.jpg,256,512,131072,0.017924,Да,
median,portrait_small_gradient_256x512.jpg,256,512,131072,0.021488,Да,
noise,portrait_small_gradient_256x512.jpg,256,512,131072,0.023287,Да,
posterize,portrait_small_gradient_256x512.jpg,256,512,131072,0.013329,Да,
threshold,portrait_small_gradient_256x512.jpg,256,512,131072,0.013035,Да,
vignette,portrait_small_gradient_256x512.jpg,256,512,131072,0.018856,Да,
grayscale,small_checkerboard_256x256.jpg,256,256,65536,0.011333,Да,
sepia,small_checkerboard_256x256.jpg,256,256,65536,0.012063,Да,
invert,small_checkerboard_256x256.jpg,256,256,65536,0.011914,Да,
brightness,small_checkerboard_256x256.jpg,256,256,65536,0.011938,Да,
contrast,small_checkerboard_256x256.jpg,256,256,65536,0.011697,Да,
saturation,small_checkerboard_256x256.jpg,256,256,65536,0.011071,Да,
flip_h,small_checkerboard_256x256.jpg,256,256,65536,0.011634,Да,
flip_v,small_checkerboard_256x256.jpg,256,256,65536,0.010560,Да,
rotate90,small_checkerboard_256x256.jpg,256,256,65536,0.011315,Да,
sharpen,small_checkerboard_256x256.jpg,256,256,65536,0.013195,Да,
edges,small_checkerboard_256x256.jpg,256,256,65536,0.018972,Да,
emboss,small_checkerboard_256x256.jpg,256,256,65536,0.016486,Да,
outline,small_checkerboard_256x256.jpg,256,256,65536,0.016529,Да,
blur,small_checkerboard_256x256.jpg,256,256,65536,0.016817,Да,
box_blur,small_checkerboard_256x256.jpg,256,256,65536,0.015087,Да,
motion_blur,small_checkerboard_256x256.jpg,256,256,65536,0.013738,Да,
median,small_checkerboard_256x256.jpg,256,256,65536,0.017663,Да,
noise,small_checkerboard_256x256.jpg,256,256,65536,0.015794,Да,
posterize,small_checkerboard_256x256.jpg,256,256,65536,0.011347,Да,
threshold,small_checkerboard_256x256.jpg,256,256,65536,0.011266,Да,
vignette,small_checkerboard_256x256.jpg,256,256,65536,0.012238,Да,
grayscale,small_colorful_256x256.jpg,256,256,65536,0.012678,Да,
sepia,small_colorful_256x256.jpg,256,256,65536,0.012390,Да,
invert,small_colorful_256x256.jpg,256,256,65536,0.013137,Да,
brightness,small_colorful_256x256.jpg,256,256,65536,0.013025,Да,
contrast,small_colorful_256x256.jpg,256,256,65536,0.012682,Да,
saturation,small_colorful_256x256.jpg,256,256,65536,0.012908,Да,
flip_h,small_colorful_256x256.jpg,256,256,65536,0.012498,Да,
flip_v,small_colorful_256x256.jpg,256,256,65536,0.012265,Да,
rotate90,small_colorful_256x256.jpg,256,256,65536,0.012448,Да,
sharpen,small_colorful_256x256.jpg,256,256,65536,0.015117,Да,
edges,small_colorful_256x256.jpg,256,256,65536,0.016689,Да,
emboss,small_colorful_256x256.jpg,256,256,65536,0.014892,Да,
outline,small_colorful_256x256.jpg,256,256,65536,0.021412,Да,
blur,small_colorful_256x256.jpg,256,256,65536,0.017449,Да,
box_blur,small_colorful_256x256.jpg,256,256,65536,0.015569,Да,
motion_blur,small_colorful_256x256.jpg,256,256,65536,0.014265,Да,
median,small_colorful_256x256.jpg,256,256,65536,0.018708,Да,
noise,small_colorful_256x256.jpg,256,256,65536,0.016735,Да,
posterize,small_colorful_256x256.jpg,256,256,65536,0.013951,Да,
threshold,small_colorful_256x256.jpg,256,256,65536,0.012794,Да,
vignette,small_colorful_256x256.jpg,256,256,65536,0.012609,Да,
grayscale,small_gradient_256x256.jpg,256,256,65536,0.011054,Да,
sepia,small_gradient_256x256.jpg,256,256,65536,0.010596,Да,
invert,small_gradient_256x256.jpg,256,256,65536,0.012564,Да,
brightness,small_gradient_256x256.jpg,256,256,65536,0.011397,Да,
contrast,small_gradient_256x256.jpg,256,256,65536,0.010886,Да,
saturation,small_gradient_256x256.jpg,256,256,65536,0.010438,Да,
flip_h,small_gradient_256x256.jpg,256,256,65536,0.010901,Да,
flip_v,small_gradient_256x256.jpg,256,256,65536,0.010233,Да,
rotate90,small_gradient_256x256.jpg,256,256,65536,0.010504,Да,
sharpen,small_gradient_256x256.jpg,256,256,65536,0.013042,Да,
edges,small_gradient_256x256.jpg,256,256,65536,0.014594,Да,
emboss,small_gradient_256x256.jpg,256,256,65536,0.013491,Да,
outline,small_gradient_256x256.jpg,256,256,65536,0.014240,Да,
blur,small_gradient_256x256.jpg,256,256,65536,0.015316,Да,
box_blur,small_gradient_256x256.jpg,256,256,65536,0.013538,Да,
motion_blur,small_gradient_256x256.jpg,256,256,65536,0.012477,Да,
median,small_gradient_256x256.jpg,256,256,65536,0.013810,Да,
noise,small_gradient_256x256.jpg,256,256,65536,0.015974,Да,
posterize,small_gradient_256x256.jpg,256,256,65536,0.010673,Да,
threshold,small_gradient_256x256.jpg,256,256,65536,0.010657,Да,
vignette,small_gradient_256x256.jpg,256,256,65536,0.011389,Да,
grayscale,xlarge_checkerboard_2048x2048.jpg,2048,2048,4194304,0.181260,Да,
sepia,xlarge_checkerboard_2048x2048.jpg,2048,2048,4194304,0.195253,Да,
invert,xlarge_checkerboard_2048x2048.jpg,2048,2048,4194304,0.180949,Да,
brightness,xlarge_checkerboard_2048x2048.jpg,2048,2048,4194304,0.191327,Да,
contrast,xlarge_checkerboard_2048x2048.jpg,2048,2048,4194304,0.192109,Да,
saturation,xlarge_checkerboard_2048x2048.jpg,2048,2048,4194304,0.191474,Да,
flip_h,xlarge_checkerboard_2048x2048.jpg,2048,2048,4194304,0.188065,Да,
flip_v,xlarge_checkerboard_2048x2048.jpg,2048,2048,4194304,0.207053,Да,
rotate90,xlarge_checkerboard_2048x2048.jpg,2048,2048,4194304,0.257811,Да,
sharpen,xlarge_checkerboard_2048x2048.jpg,2048,2048,4194304,0.289627,Да,
edges,xlarge_checkerboard_2048x2048.jpg,2048,2048,4194304,0.356964,Да,
emboss,xlarge_checkerboard_2048x2048.jpg,2048,2048,4194304,0.327745,Да,
outline,xlarge_checkerboard_2048x2048.jpg,2048,2048,4194304,0.326755,Да,
blur,xlarge_checkerboard_2048x2048.jpg,2048,2048,4194304,0.453693,Да,
box_blur,xlarge_checkerboard_2048x2048.jpg,2048,2048,4194304,0.376622,Да,
motion_blur,xlarge_checkerboard_2048x2048.jpg,2048,2048,4194304,0.318083,Да,
median,xlarge_checkerboard_2048x2048.jpg,2048,2048,4194304,0.424655,Да,
noise,xlarge_checkerboard_2048x2048.jpg,2048,2048,4194304,0.407747,Да,
posterize,xlarge_checkerboard_2048x2048.jpg,2048,2048,4194304,0.205690,Да,
threshold,xlarge_checkerboard_2048x2048.jpg,2048,2048,4194304,0.192068,Да,
vignette,xlarge_checkerboard_2048x2048.jpg,2048,2048,4194304,0.221246,Да,
grayscale,xlarge_colorful_2048x2048.jpg,2048,2048,4194304,0.282610,Да,
sepia,xlarge_colorful_2048x2048.jpg,2048,2048,4194304,0.320806,Да,
invert,xlarge_colorful_2048x2048.jpg,2048,2048,4194304,0.317128,Да,
brightness,xlarge_colorful_2048x2048.jpg,2048,2048,4194304,0.334757,Да,
contrast,xlarge_colorful_2048x2048.jpg,2048,2048,4194304,0.345243,Да,
saturation,xlarge_colorful_2048x2048.jpg,2048,2048,4194304,0.346122,Да,
flip_h,xlarge_colorful_2048x2048.jpg,2048,2048,4194304,0.338540,Да,
flip_v,xlarge_colorful_2048x2048.jpg,2048,2048,4194304,0.334546,Да,
rotate90,xlarge_colorful_2048x2048.jpg,2048,2048,4194304,0.363812,Да,
sharpen,xlarge_colorful_2048x2048.jpg,2048,2048,4194304,0.443371,Да,
edges,xlarge_colorful_2048x2048.jpg,2048,2048,4194304,0.530917,Да,
emboss,xlarge_colorful_2048x2048.jpg,2048,2048,4194304,0.462264,Да,
outline,xlarge_colorful_2048x2048.jpg,2048,2048,4194304,0.575207,Да,
blur,xlarge_colorful_2048x2048.jpg,2048,2048,4194304,0.592506,Да,
box_blur,xlarge_colorful_2048x2048.jpg,2048,2048,4194304,0.492071,Да,
motion_blur,xlarge_colorful_2048x2048.jpg,2048,2048,4194304,0.443043,Да,
median,xlarge_colorful_2048x2048.jpg,2048,2048,4194304,0.555567,Да,
noise,xlarge_colorful_2048x2048.jpg,2048,2048,4194304,0.501799,Да,
posterize,xlarge_colorful_2048x2048.jpg,2048,2048,4194304,0.392694,Да,
threshold,xlarge_colorful_2048x2048.jpg,2048,2048,4194304,0.312944,Да,
vignette,xlarge_colorful_2048x2048.jpg,2048,2048,4194304,0.340555,Да,
grayscale,xlarge_gradient_2048x2048.jpg,2048,2048,4194304,0.177903,Да,
sepia,xlarge_gradient_2048x2048.jpg,2048,2048,4194304,0.188726,Да,
invert,xlarge_gradient_2048x2048.jpg,2048,2048,4194304,0.180614,Да,
brightness,xlarge_gradient_2048x2048.jpg,2048,2048,4194304,0.190483,Да,
contrast,xlarge_gradient_2048x2048.jpg,2048,2048,4194304,0.190859,Да,
saturation,xlarge_gradient_2048x2048.jpg,2048,2048,4194304,0.187310,Да,
flip_h,xlarge_gradient_2048x2048.jpg,2048,2048,4194304,0.180514,Да,
flip_v,xlarge_gradient_2048x2048.jpg,2048,2048,4194304,0.184978,Да,
rotate90,xlarge_gradient_2048x2048.jpg,2048,2048,4194304,0.226322,Да,
sharpen,xlarge_gradient_2048x2048.jpg,2048,2048,4194304,0.295168,Да,
edges,xlarge_gradient_2048x2048.jpg,2048,2048,4194304,0.407839,Да,
emboss,xlarge_gradient_2048x2048.jpg,2048,2048,4194304,0.328860,Да,
outline,xlarge_gradient_2048x2048.jpg,2048,2048,4194304,0.384892,Да,
blur,xlarge_gradient_2048x2048.jpg,2048,2048,4194304,0.451278,Да,
box_blur,xlarge_gradient_2048x2048.jpg,2048,2048,4194304,0.373330,Да,
motion_blur,xlarge_gradient_2048x2048.jpg,2048,2048,4194304,0.319679,Да,
median,xlarge_gradient_2048x2048.jpg,2048,2048,4194304,0.396231,Да,
noise,xlarge_gradient_2048x2048.jpg,2048,2048,4194304,0.470616,Да,
posterize,xlarge_gradient_2048x2048.jpg,2048,2048,4194304,0.198710,Да,
threshold,xlarge_gradient_2048x2048.jpg,2048,2048,4194304,0.190505,Да,
vignette,xlarge_gradient_2048x2048.jpg,2048,2048,4194304,0.265949,Да,
